policy_id,predicted_frequency,predicted_severity,expected_annual_loss,risk_score,risk_band
1,0.012133309,775.244655,9.406283249,35.62970032,Medium
3,0.09342648,775.2447162,72.42838486,95.76955014,High
5,0.100433532,790.3258978,79.37522134,96.45714758,High
10,0.012298738,814.3032791,10.01490247,36.93985219,Medium
11,0.114788217,814.3033112,93.47242549,97.49105106,High
13,0.051899452,788.1001732,40.90196679,88.07766223,High
15,0.044912986,788.1002353,35.39593468,84.17449223,High
17,0.002211721,766.7618022,1.695862902,11.11261878,Low
18,0.005816006,766.7618325,4.459491453,22.79204086,Low
21,0.020103457,775.0607877,15.58140101,49.3126238,Medium
25,0.100517279,775.06091,77.90701335,96.32189943,High
27,0.150152207,825.591109,123.9643272,98.62111788,High
30,0.181241505,761.391052,137.99566,98.87111309,High
32,0.011415359,758.4563458,8.658051506,33.92339085,Medium
35,0.326497602,699.0810778,228.2482957,99.53820944,High
36,0.130644376,730.8111446,95.47636563,97.60697804,High
38,0.007841649,759.5777346,5.956342218,27.21186762,Low
42,0.060380697,759.5778544,45.86383996,90.33794337,High
44,0.064784043,928.5585098,60.1557747,93.98654598,High
45,0.0087546,928.5585464,8.129158959,32.67680708,Medium
47,0.00262638,928.5586196,2.438747817,14.8059108,Low
49,0.268135276,1118.629215,299.9439535,99.72906124,High
50,0.007969248,856.0218892,6.821850388,29.50312162,Low
52,0.029643502,659.2180932,19.54153309,58.3491762,Medium
53,0.159105124,761.6689058,121.1854255,98.55769727,High
54,0.054963587,761.6689358,41.86405719,88.57883256,High
55,0.00289282,761.6689659,2.20337149,13.64501861,Low
58,0.000122136,796.8411232,0.097322775,1.132869134,Low
59,0.003216241,796.8411546,2.562833144,15.40943905,Low
60,0.000405868,1041.314493,0.422635762,4.135761409,Low
62,0.089069873,830.8595564,74.00455491,95.94403057,High
65,0.432004543,921.9120938,398.270213,99.86357194,High
67,0.068274315,867.1083244,59.20122674,93.81029567,High
68,0.005974002,867.1083586,5.180107477,24.96412311,Low
72,0.101482047,793.8208276,80.55856244,96.56540509,High
73,0.122298875,793.8208589,97.08339834,97.68971981,High
77,0.070085421,854.6231815,59.89662538,93.93669443,High
78,0.016251692,854.6232152,13.88907292,45.47493927,Medium
80,0.017357752,763.2182933,13.24775422,44.05918471,Medium
82,0.10993243,763.2183535,83.90244788,96.84873299,High
84,0.141506017,791.3561612,111.9816581,98.30239243,High
86,0.008734939,791.3562236,6.912448398,29.72509377,Low
88,0.047053427,769.1279071,36.19010392,84.87831354,High
90,0.208799577,769.1279677,160.5935947,99.13393991,High
92,0.083815383,731.864528,61.34150549,94.19037688,High
94,0.094036768,731.8645857,68.82218054,95.32103367,High
96,0.008425625,801.3023652,6.751473424,29.32097172,Low
97,0.09870018,801.3023968,79.08869078,96.43148435,High
100,0.080258872,895.5664041,71.87714932,95.70553957,High
102,0.344864121,950.8515156,327.9145717,99.77684794,High
104,0.020294416,727.5962221,14.76614061,47.46428166,Medium
107,0.010956629,828.5944244,9.078601375,34.89136639,Medium
108,0.002739157,828.5944571,2.269650404,13.9659564,Low
109,0.105457548,828.5944897,87.38154288,97.10226795,High
112,0.025951529,781.8208345,20.28944571,60.01817074,Medium
113,0.217992837,781.8208654,170.4313485,99.2193365,High
115,0.073513819,811.7623106,59.67574788,93.89878955,High
117,0.014294353,811.7623746,11.60361826,40.41220449,Medium
120,0.102416854,785.3846942,80.43662917,96.55272097,High
121,0.006482079,785.3847251,5.090926032,24.70940823,Low
122,0.009074911,785.3847561,7.127296634,30.26225161,Medium
124,0.115258779,659.8998023,76.05924522,96.1518437,High
127,0.003872085,780.1476427,3.020797907,17.52591764,Low
129,0.058438712,780.1477042,45.59082685,90.2392727,High
133,0.067743014,823.6312353,55.79526251,93.1333175,High
137,0.09273116,764.1920864,70.86441849,95.5822381,High
139,0.079397786,778.1017654,61.77955762,94.26825149,High
142,0.142673318,808.6496839,115.3727337,98.40460286,High
145,0.165186599,871.5754962,143.9725919,98.95208499,High
147,0.010196703,871.5755649,8.887197503,34.45833634,Medium
148,0.014357252,789.3219136,11.33249379,39.82829238,Medium
149,0.007178626,789.3219447,5.666247047,26.40465596,Low
150,0.026414244,786.201121,20.76690844,61.07110041,Medium
151,0.024620762,1028.253773,25.31639098,70.28375562,High
153,0.079082744,804.4710487,63.61977799,94.57208048,High
155,0.012824228,804.4711121,10.3167213,37.60827595,Medium
158,0.009001081,813.1789075,7.319489028,30.73628382,Medium
159,0.101583625,813.1789395,82.60566408,96.74268782,High
161,0.110139836,786.7275494,86.65004325,97.05418628,High
163,0.006798755,786.7276114,5.348768386,25.47119303,Low
166,0.011224321,786.9438198,8.83291019,34.33223257,Medium
167,0.096030302,786.9438508,75.57045585,96.10022227,High
170,0.29015966,725.4458549,210.4951223,99.46461204,High
173,0.002449282,841.1342976,2.060175337,12.91907382,Low
175,0.0039304,668.9470877,2.629229409,15.73568648,Low
178,0.000201559,668.9471668,0.134832288,1.61604571,Low
179,0.000151169,668.9471932,0.101124219,1.184785542,Low
181,0.104370426,648.3188871,67.66531874,95.16720181,High
183,0.018151378,648.3189383,11.76788215,40.76957226,Medium
184,0.006050459,648.3189638,3.922627486,21.00003982,Low
186,0.066359356,802.711681,53.26742995,92.55088029,High
188,0.002398531,802.7117443,1.925328896,12.24991261,Low
189,0.135490184,808.6851987,109.568906,98.21847074,High
190,0.03448841,808.6852306,27.89026773,74.79709091,High
193,0.066140522,694.3954352,45.92767633,90.36390158,High
194,0.00773071,694.3954626,5.368170103,25.53328623,Low
195,0.0828387,834.9113111,69.16296728,95.36498563,High
196,0.182565596,802.5294636,146.51427,98.98423777,High
197,0.04312005,733.1955742,31.61542952,80.14477599,High
198,0.195698684,733.1956031,143.4854147,98.94559544,High
200,0.041731929,764.3318515,31.89704268,80.50494607,High
202,0.367241715,994.6965614,365.2940712,99.83127167,High
205,0.010525585,770.3084898,8.10794778,32.62769298,Medium
206,0.102624456,770.3085202,79.05249295,96.42764962,High
209,0.001059822,766.6998739,0.81256504,6.585714433,Low
210,0.001620904,766.6999041,1.242746565,9.000859866,Low
211,0.052643797,758.2501686,39.91716816,87.53268743,High
212,0.017547932,758.2501985,13.30572307,44.19089309,Medium
213,0.001253424,758.2502284,0.950408816,7.411067339,Low
215,0.316625193,681.6248438,215.8195975,99.48570308,High
217,0.090130281,640.9357296,57.76771748,93.53714457,High
219,0.004871907,640.9357802,3.122579489,17.9717793,Low
220,0.009721814,640.9358055,6.231058814,27.95595365,Low
222,0.105150637,776.5466579,81.65437541,96.6592086,High
223,0.007886298,776.5466885,6.124078319,27.67793538,Low
225,0.054447501,868.571753,47.29156179,90.85489511,High
227,0.008950274,868.5718215,7.773955775,31.83965499,Medium
229,0.005259931,781.2509903,4.109326638,21.64471773,Low
230,0.000394495,781.2510212,0.308199506,3.311588421,Low
233,0.059497346,773.8571401,46.04244568,90.4069686,High
234,0.004518786,773.8571706,3.496894701,19.48074742,Low
237,0.012555565,741.6979243,9.312436676,35.42159221,Medium
238,0.104629709,741.6979535,77.60364103,96.29579374,High
241,0.105150142,787.2336115,82.77772594,96.7574368,High
246,0.007616703,781.6606636,5.953676858,27.20375568,Low
247,0.075214938,781.6606944,58.79256053,93.73168361,High
250,0.116676835,776.3425283,90.58118939,97.31524322,High
256,0.321143129,582.6314189,187.1080768,99.33821328,High
259,0.099799861,837.8996271,83.6222662,96.82351223,High
261,0.002404816,837.8996931,2.014994473,12.68412258,Low
264,0.093150418,819.3913529,76.32664686,96.18001425,High
266,0.38744638,807.8357182,312.9930245,99.75147969,High
268,0.019372318,807.8357819,15.64965205,49.46704562,Medium
271,0.06931211,770.5109286,53.4057385,92.5868678,High
272,0.006220318,770.510959,4.792822813,23.81827487,Low
274,0.003289858,799.1755167,2.62917362,15.7353915,Low
275,0.001050927,799.1755482,0.839874929,6.751787945,Low
277,0.021866596,671.8761232,14.69164376,47.29378345,Medium
278,0.016145369,673.8906326,10.8802127,38.84910761,Medium
280,0.175426425,702.572737,123.2498234,98.60459903,High
282,0.135224532,702.5727924,95.00507724,97.57895498,High
285,0.034587763,709.8296914,24.55142143,68.83393091,Medium
286,0.288231358,709.8297194,204.595184,99.43850634,High
289,0.169197149,707.6600679,119.7340657,98.5196449,High
291,0.029744387,609.7645646,18.13707318,55.14009318,Medium
292,0.012247689,609.7645886,7.468206802,31.09910872,Medium
293,0.011348633,739.6190021,8.3936649,33.29788662,Medium
295,0.006998679,609.7646608,4.267547084,22.15576987,Low
296,0.058004124,739.6190896,42.90095735,89.08781985,High
299,0.292471344,665.3994974,194.6102853,99.38747487,High
300,0.043475469,665.3995236,28.92855669,76.44366701,High
303,0.066253937,780.7713034,51.72917236,92.16239217,High
304,0.015011423,1020.320541,15.31646299,48.71071794,Medium
306,0.02973729,761.4356537,22.64303266,65.02677677,Medium
307,0.078060385,761.4356838,59.43796231,93.85587002,High
311,0.00724381,845.82156,6.126970313,27.68516238,Low
312,0.078647074,845.8215933,66.52139374,95.00806032,High
316,0.148547808,813.3167448,120.8164199,98.54825792,High
319,0.024036498,809.3739827,19.45451593,58.15729197,Medium
320,0.094732078,809.3740146,76.67368247,96.21201953,High
322,0.008146352,764.972181,6.2317323,27.95757603,Low
325,0.070601711,764.9722714,54.0083509,92.73170278,High
328,0.194921372,747.4571216,145.6953675,98.97391348,High
329,0.017492943,747.4571511,13.07522564,43.66966415,Medium
332,0.067719207,768.1508397,52.01856574,92.2429216,High
335,0.247816228,765.1556614,189.6179901,99.35487963,High
337,0.02923267,758.4640914,22.1719303,64.05599893,Medium
339,0.010962251,758.4641512,8.314474304,33.11263943,Medium
340,0.062119421,758.4641812,47.11535564,90.79235944,High
345,0.167576088,737.0679751,123.5149682,98.61035113,High
346,0.012890468,737.0680041,9.501151649,35.83102389,Medium
349,0.196009876,852.4296574,167.0846312,99.18747871,High
352,0.074953273,797.2009456,59.75281979,93.91191614,High
354,0.136660631,826.6113185,112.9652246,98.33218537,High
355,0.011525595,826.6113511,9.527187867,35.88810244,Medium
359,0.007239278,738.3261666,5.344948185,25.46027879,Low
361,0.061131677,738.3262248,45.13512041,90.05889268,High
364,0.027138158,686.0517814,18.61818164,56.25452609,Medium
365,0.298519734,686.0518084,204.8000035,99.43894881,High
367,0.241702581,796.405995,192.4933846,99.37346334,High
369,0.008951947,796.4060578,7.129384994,30.26741375,Medium
371,0.011780757,793.5845118,9.34902652,35.50772625,Medium
372,0.094246057,793.5845431,74.79221415,96.0275098,High
374,0.016198541,793.5846057,12.85491249,43.18162041,Medium
376,0.044215355,768.1610766,33.96451466,82.79546262,High
379,0.012058733,768.1611674,9.26305019,35.30935248,Medium
382,0.185650714,810.2717279,150.4275244,99.03025458,High
383,0.016660961,810.2717598,13.4999064,44.61345136,Medium
386,0.087413007,737.2447337,64.44477872,94.69862672,High
387,0.006724077,737.2447628,4.957290802,24.30558116,Low
391,0.004685218,778.5324762,3.64759436,20.03457161,Low
394,0.312211186,855.4175006,267.0709125,99.65723371,High
397,0.863050721,1102.039748,951.1161986,99.97138698,High
400,0.026841776,804.4621101,21.59319213,62.83301353,Medium
402,0.000794239,799.3778172,0.63489666,5.485145565,Low
403,0.04415905,804.4622052,35.52428666,84.29617131,High
406,0.00659078,761.5869962,5.019452713,24.48832102,Low
407,0.000599162,761.5870262,0.456313895,4.362895697,Low
412,0.101911246,766.7435653,78.13979205,96.34343294,High
414,0.035168489,735.0792028,25.85162511,71.27636196,High
416,0.022608314,735.0792608,16.61890274,51.67054319,Medium
417,0.08792122,735.0792897,64.62906792,94.72679727,High
418,0.062800871,735.0793187,46.16362117,90.45136303,High
420,0.135763621,820.7643088,111.4299347,98.28071143,High
422,0.003311308,820.7643735,2.717803431,16.17210879,Low
424,1.053394256,965.9911437,1017.569522,99.97551669,High
425,0.106713553,729.5516356,77.85304711,96.31762223,High
427,0.088055654,820.7618084,72.27271768,95.75170388,High
434,0.129044623,833.5397893,107.5638277,98.14561078,High
436,0.020331725,818.5783051,16.64310902,51.72599935,Medium
438,0.129383701,818.5783697,105.9106994,98.0903021,High
439,0.005545016,818.5784019,4.539030095,23.04041368,Low
442,0.011602055,786.4786828,9.124768677,34.99416678,Medium
443,0.001289117,786.4787138,1.013863213,7.779496853,Low
444,0.095394669,786.4787448,75.02587978,96.04963327,High
447,0.003379404,708.4904905,2.394275887,14.56358506,Low
448,0.000757453,708.4905184,0.536648058,4.872030477,Low
449,0.001096393,719.7650417,0.789145119,6.438224636,Low
451,0.079874213,776.6955082,62.03794243,94.3129409,High
454,0.446402831,799.1185587,356.7287873,99.81917751,High
456,0.081735728,799.1186218,65.31654198,94.83033511,High
459,0.091865843,829.35171,76.18909437,96.16688766,High
462,0.028172977,765.8729058,21.57691978,62.8015982,Medium
463,0.016795428,765.872936,12.86316406,43.19961417,Medium
465,0.095391686,770.9981774,73.54681613,95.89653886,High
466,0.006037448,770.9982078,4.654861904,23.40486097,Low
468,0.070689844,866.7359258,61.26942748,94.18005259,High
470,0.003534492,866.7359942,3.063471537,17.71558952,Low
473,0.2004465,811.1117955,162.5845205,99.15134371,High
477,0.00236842,867.5349249,2.054686916,12.89119825,Low
478,0.000182186,867.5349591,0.158052844,1.859846345,Low
480,0.149434443,668.6160645,99.91426892,97.83868451,High
482,0.373586097,668.6161172,249.7856856,99.61283928,High
484,0.06446277,791.8252241,51.04324755,91.97935733,High
486,0.010567667,791.8252865,8.367745945,33.2388907,Medium
487,0.0126812,791.8253177,10.0412954,36.99840564,Medium
490,0.087046296,812.621944,70.73573008,95.56616171,High
491,0.005618166,809.9940731,4.55068127,23.07817107,Low
493,0.116078264,784.3958441,91.0513077,97.3444462,High
495,0.005803913,784.395906,4.552565627,23.08480811,Low
496,0.065064595,680.2401294,44.25954872,89.68662843,High
501,0.108108394,815.1877779,88.12864142,97.15580675,High
504,0.002698755,770.6278878,2.07973597,13.01523717,Low
505,0.000207597,770.6279182,0.159979694,1.877397631,Low
507,0.299154365,788.880075,235.9969182,99.56726493,High
510,0.0406259,788.8801683,32.04896675,80.68326124,High
512,0.113658682,785.0215959,89.22451988,97.22571691,High
514,0.004209581,785.0216578,3.304612023,18.72604213,Low
517,0.069635143,794.8583699,55.35007611,93.03612173,High
519,0.061594682,694.5650226,42.78151191,89.02985636,High
521,0.011277899,694.5650774,7.833234991,31.98390001,Medium
527,0.096113322,778.8860881,74.86132909,96.03458931,High
530,0.115318457,823.9547539,95.01719102,97.57939745,High
532,0.005838909,823.9548189,4.810997269,23.8771233,Low
536,0.156667251,775.5474161,121.5028815,98.56580921,High
539,0.070893899,798.7821181,56.6287791,93.30588057,High
542,0.446484911,787.727191,351.7083047,99.81283545,High
545,0.007935458,777.9310657,6.173239112,27.79946697,Low
546,0.075386848,777.9310964,58.64577312,93.70425051,High
548,0.066003635,755.5817149,49.87113993,91.63777096,High
550,0.007135528,755.5817745,5.391474874,25.60585122,Low
551,0.000891941,755.5818043,0.673934377,5.720391792,Low
554,0.011426772,691.3127129,7.899472946,32.1402392,Medium
555,0.107125989,691.3127401,74.05756084,95.94993016,High
558,0.120715147,826.8820809,99.81719156,97.83396484,High
561,0.058488276,780.8882574,45.67280756,90.27009807,High
563,0.078548727,848.5539209,66.65283039,95.02929885,High
565,0.013275841,848.5539878,11.26526771,39.68183501,Medium
567,0.227241398,907.6910753,206.2649891,99.44573334,High
569,0.037873565,907.6911469,34.3775,83.20563175,High
571,0.08269977,721.7901438,59.69187863,93.90114939,High
573,0.031207459,721.7902007,22.52523842,64.79197302,Medium
574,0.01560373,721.7902291,11.26261951,39.67549295,Medium
577,0.373073875,690.4025489,257.5711543,99.63481526,High
578,0.018889816,690.4025761,13.04157778,43.59636172,Medium
581,0.079710148,803.1850873,64.02200192,94.63284627,High
582,0.00613155,803.1851189,4.924769509,24.2154649,Low
584,0.096088499,799.1683268,76.79088525,96.22455617,High
588,0.005554296,772.1984257,4.289018316,22.22243526,Low
590,0.086647009,772.1984866,66.90868929,95.06425393,High
592,0.228189035,1029.069462,234.8223678,99.56269275,High
594,0.023582883,787.4682705,18.57077172,56.14803846,Medium
596,0.055388937,716.5309097,39.68788534,87.39655434,High
598,0.014449288,716.5309662,10.35336194,37.69411501,Medium
599,0.030102682,716.5309945,21.56950462,62.78640675,Medium
602,0.002652425,815.3817603,2.162739185,13.44310507,Low
603,0.000206682,815.3817924,0.168525136,1.967366407,Low
606,0.141697779,828.3925152,117.3813794,98.46035401,High
608,0.000965239,936.6939768,0.904133506,7.129066847,Low
609,0.084758649,931.1962254,78.92693421,96.4162929,High
613,0.283264754,989.5949229,280.3173619,99.69012394,High
614,0.022072578,989.5949619,21.8429119,63.37090882,Medium
617,0.228173377,820.2871347,187.1676858,99.33850826,High
618,0.042375055,820.2871671,34.759714,83.57509369,High
620,0.023488602,1023.373515,24.03761319,67.83837478,Medium
622,0.100975851,783.108299,79.07502692,96.43000945,High
624,0.071441029,822.9055984,58.78922282,93.73094616,High
626,0.054378419,585.7372146,31.85146396,80.44845748,High
630,0.022106105,847.3082001,18.73068438,56.52266254,Medium
631,0.001671105,648.3388047,1.083441955,8.156923245,Low
634,0.006053288,741.5797044,4.488995864,22.88628684,Low
635,0.106941428,741.5797337,79.30559571,96.44947811,High
636,0.001653904,741.5797629,1.226501621,8.923280232,Low
637,0.008071051,741.5797921,5.985328296,27.29416693,Low
638,0.04439078,741.5798214,32.9193065,81.68073474,High
640,0.006059106,837.2553679,5.073018752,24.65822927,Low
642,0.122077095,773.6644015,94.44670265,97.5468022,High
644,0.014847214,773.6644625,11.48676174,40.1604394,Medium
646,0.000679531,822.6687339,0.55902896,5.00860603,Low
647,0.063420632,822.6687663,52.17417305,92.28215388,High
648,0.01876136,827.390315,15.52296765,49.18268529,Medium
651,0.02114021,822.668896,17.39139286,53.43938833,Medium
653,0.002548049,833.1660078,2.122948078,13.23278462,Low
654,0.067947981,833.1660406,56.61195024,93.30204583,High
657,0.020425344,788.5172236,16.10573528,50.52189265,Medium
659,0.361220981,788.5172858,284.8289876,99.69956328,High
661,0.009276203,769.2653095,7.13586082,30.28570249,Medium
662,0.066788657,769.2653398,51.37819927,92.07094849,High
666,0.007231648,746.5692658,5.398925851,25.62767971,Low
668,0.073186848,752.4533796,55.06969076,92.97609338,High
670,0.038435561,778.4283996,29.91933186,77.88110257,High
671,0.12946715,778.4284303,100.78091,97.87835926,High
676,0.013476833,797.1850052,10.7435288,38.54734349,Medium
677,0.102423926,797.1850367,81.65082106,96.65876613,High
679,0.009493288,850.4880572,8.073927802,32.5421489,Medium
680,0.061706369,850.4880907,52.48053211,92.35235903,High
681,0.006645301,850.4881243,5.651749762,26.36439124,Low
685,0.088922974,779.8968568,69.35074767,95.3913863,High
687,0.130923991,779.9096281,102.1088808,97.93868259,High
688,0.175629741,779.9096589,136.9753315,98.85474172,High
692,0.003754145,775.8057574,2.912487566,17.05454025,Low
694,0.002337873,784.7094163,1.834550723,11.78797457,Low
696,0.038077758,775.8058798,29.54094845,77.34615708,High
698,0.038230833,789.2280816,30.17284671,78.24304254,High
700,0.298200487,789.2281438,235.3482169,99.56549506,High
702,0.018569933,781.6308484,14.51483233,46.89393861,Medium
704,0.073351233,781.6309101,57.33359074,93.444226,High
706,0.086886257,735.66002,63.91874526,94.61735984,High
708,0.177909949,735.660078,130.8812472,98.75518611,High
709,0.074473931,735.660107,54.7875003,92.91016544,High
711,0.078305729,793.9527841,62.17105124,94.333147,High
714,0.083326371,803.0061934,66.91159223,95.06499138,High
715,0.05728688,803.0062251,46.00172088,90.39162966,High
717,0.005207898,803.0062884,4.181974847,21.88158634,Low
719,0.127681592,776.9617461,99.20371279,97.80166457,High
722,0.001916342,810.3203129,1.552850804,10.43844292,Low
723,0.097733438,810.3203448,79.19539311,96.44136617,High
724,0.048763922,807.9834854,39.40044342,87.21750173,High
726,0.123824525,729.6589584,90.34967386,97.30078922,High
730,0.430171956,672.1581314,289.1435781,99.70929761,High
731,0.043914212,808.6175781,35.50980337,84.28097986,High
732,0.19153405,1056.699431,202.3939217,99.42670716,High
734,0.109361997,734.6065373,80.33803802,96.54490401,High
738,0.052405037,806.6264636,42.27129004,88.78399087,High
739,0.069174769,806.6264954,55.79820149,93.13405495,High
742,0.052318674,856.0545586,44.78763943,89.91553259,High
745,0.049253743,892.0008245,43.93437927,89.55034785,High
746,0.006006554,892.0008597,5.357851273,25.50231338,Low
748,0.043247187,892.00093,38.57653121,86.67931146,High
750,0.008391566,648.100413,5.43857723,25.74331171,Low
754,0.110071411,749.6016715,82.50971339,96.73531333,High
755,0.009434692,749.601701,7.072261336,30.12744593,Medium
756,0.176114252,749.6017306,132.0155484,98.77730958,High
758,0.009468717,778.268919,7.369208042,30.86017525,Medium
759,0.068174761,778.2689497,53.05829931,92.49660405,High
762,0.12455739,936.3149247,116.6249429,98.43955794,High
765,0.101043516,778.0165744,78.61352985,96.38826984,High
768,0.019900225,757.2845505,15.07013289,48.14937177,Medium
769,0.061690696,757.2845803,46.7174132,90.65342405,High
771,0.030380671,794.3149474,24.13182133,68.0202297,Medium
772,0.037745682,794.3149787,29.98196063,77.96930147,High
773,0.006444385,794.31501,5.118871464,24.7878728,Low
776,0.002014981,849.1052693,1.710930962,11.18931348,Low
778,0.132245114,1109.593346,146.7382982,98.98615513,High
780,0.010332566,825.9468981,8.534151155,33.62590393,Medium
782,0.074394476,825.9469633,61.44589158,94.20704323,High
784,0.237659744,802.524258,190.7277099,99.36195914,High
785,0.022481327,802.5242897,18.04181088,54.92387314,Medium
789,0.202711616,803.1814728,162.8142144,99.15458848,High
790,0.300921748,721.2682928,217.0453157,99.49204514,High
793,0.178535714,782.0735746,139.6280643,98.89603887,High
795,0.172127377,641.6275067,110.4416597,98.24782121,High
798,0.110030827,817.6937715,89.97152201,97.2764534,High
799,0.010269544,817.6938037,8.397342278,33.3068835,Medium
802,0.08350306,716.5736145,59.83608942,93.92666512,High
805,0.002783435,716.5736993,1.994536473,12.5826496,Low
807,0.139171757,716.5737558,99.72682896,97.82850771,High
809,0.007673231,768.1008887,5.893815669,27.04313929,Low
811,0.097194259,768.1009492,74.65500244,96.01202337,High
813,0.217917924,673.6397142,146.7981681,98.98704007,High
816,0.003623897,818.3769216,2.965713705,17.28388689,Low
818,0.054358454,818.3769861,44.48570793,89.78618404,High
820,0.021346995,734.6531932,15.68263794,49.53798821,Medium
822,0.067522011,731.8214103,49.41405352,91.51063475,High
827,0.024701211,770.5075705,19.03246985,57.20583529,Medium
829,0.067366937,770.5076313,51.9067387,92.21076882,High
830,0.24623127,687.1523978,169.1984074,99.2063574,High
833,0.014815814,704.8498556,10.44292435,37.88673668,Medium
834,0.120172712,704.8498834,84.70372198,96.91525089,High
837,0.003130338,786.7424066,2.462769933,14.92287021,Low
838,0.000296113,786.7424376,0.23296473,2.638150006,Low
841,0.092545088,872.9469532,80.78695224,96.58516872,High
842,0.010141927,872.9469876,8.853364864,34.38119918,Medium
845,0.137973163,779.5902689,107.5625351,98.14546329,High
849,0.008050653,889.5484675,7.161446259,30.34868063,Medium
850,0.089707278,889.5485026,79.79897471,96.49534743,High
852,0.111979593,769.2566039,86.14104133,97.01451152,High
853,0.029031746,769.2566343,22.33286316,64.38608109,Medium
854,0.194927434,769.2566646,149.9492281,99.02302758,High
856,0.018825831,785.9254926,14.79570027,47.52858721,Medium
859,0.058360073,785.9255856,45.86667449,90.3389758,High
861,0.00075126,725.6695846,0.545166482,4.921439559,Low
863,0.004319744,725.6696418,3.134707437,18.01750114,Low
865,0.040209325,750.0112431,30.15744552,78.21959166,High
867,0.134601472,777.8010614,104.6931675,98.0441378,High
870,0.006989533,871.9767242,6.094710489,27.59784842,Low
872,0.087369166,871.976793,76.18388516,96.16659268,High
874,0.01958303,770.6954977,15.09255279,48.20364801,Medium
876,0.102434306,770.6955585,78.94566495,96.41747282,High
878,0.123745037,722.5396249,89.41069297,97.2403184,High
880,0.441817886,801.8180896,354.2575737,99.81652269,High
882,0.003064518,776.0487595,2.378215603,14.48600543,Low
884,3.60E-05,634.6698667,0.022834917,0.102505409,Low
886,0.008246959,785.5756966,6.478610951,28.62835963,Low
887,0.219918917,785.5757276,172.7629633,99.23806771,High
889,0.149759402,802.5604182,120.1909684,98.53232903,High
890,0.2567304,802.5604498,206.0416656,99.44440593,High
892,0.059656214,824.2537917,49.17186019,91.43497249,High
895,0.046839184,776.5703058,36.37391956,85.03376779,High
896,0.043493528,776.5703364,33.77578334,82.5963514,High
901,0.009622772,779.1153758,7.497249263,31.17963815,Medium
902,0.076982171,779.1154065,59.9779957,93.95232835,High
905,0.075277185,819.9922729,61.72670982,94.26013955,High
908,0.010172592,819.9923699,8.341447937,33.17547009,Medium
910,0.014972651,773.0906733,11.57521715,40.34848889,Medium
911,0.026752,772.3203835,20.66111516,60.84617847,Medium
912,0.089835906,773.0907342,69.4513066,95.40303799,High
913,0.0222248,1009.280142,22.43104896,64.59831891,Medium
915,0.106097057,751.3019953,79.71093082,96.48517064,High
918,0.226824168,789.8770357,179.1632011,99.28511695,High
920,0.009014485,842.8663439,7.59800636,31.40986972,Medium
921,0.072115882,842.8663771,60.7840525,94.09672086,High
925,0.040489958,818.1846202,33.12826085,81.91804582,High
926,0.319420775,818.1846525,261.3451759,99.64366465,High
928,0.402978321,813.4490259,327.8023229,99.77655296,High
931,0.000678536,875.4049896,0.593994075,5.230725665,Low
932,0.009933771,875.4050241,8.696073283,34.0138021,Medium
933,0.08940394,875.4050586,78.26466163,96.3541997,High
937,9.75E-05,775.5758417,0.075608573,0.734499191,Low
939,0.000909879,775.5759029,0.705680056,5.920977916,Low
940,0.001397314,775.5759335,1.083722971,8.159135592,Low
941,0.000162478,775.575964,0.126014302,1.51442524,Low
943,0.285228558,755.9982066,215.6322783,99.48511312,High
944,0.024650859,755.9982364,18.63600597,56.29420085,Medium
947,0.098955784,816.2942699,80.77703985,96.58428378,High
948,0.009360682,816.2943021,7.641071541,31.51768476,Medium
951,0.434974793,802.243038,348.9554998,99.80826326,High
953,0.124928989,679.351296,84.87067083,96.92896744,High
954,0.199144326,755.8607648,150.5253827,99.03172948,High
956,0.006060291,791.3751295,4.795963517,23.82786171,Low
959,0.092116419,791.3752231,72.89865127,95.82235149,High
961,0.005413943,788.8436054,4.270754186,22.16565169,Low
963,0.08120914,788.8436676,64.0613162,94.63800842,High
965,0.071963007,794.5761306,57.18008793,93.41443306,High
968,0.042514994,755.7573802,32.13102059,80.77750722,High
969,0.040441091,755.75741,30.56365455,78.77341585,High
971,0.010627412,822.6964458,8.743133682,34.12456693,Medium
972,0.098303555,822.6964783,80.87398871,96.59210074,High
975,0.113288263,828.9641643,93.91191065,97.51877914,High
976,0.027074656,1083.280589,29.32944972,77.03967328,High
979,0.069675181,778.0846263,54.21318729,92.77978446,High
980,0.004707782,778.084657,3.663053293,20.09017526,Low
982,0.000941556,778.0847184,0.732610697,6.091771102,Low
984,0.011086079,745.6286527,8.266098266,32.9974499,Medium
987,0.069539948,745.6287409,51.85098417,92.1951349,High
990,0.190670046,773.3512133,147.4549114,98.9967744,High
992,0.015459733,773.3512743,11.95580426,41.18991819,Medium
995,0.001654356,839.3919087,1.388653311,9.703206281,Low
996,0.000656038,839.3919418,0.550672879,4.955509703,Low
999,0.036219658,1025.363295,37.13830781,85.63818098,High
1000,0.130792846,784.6313483,102.6241669,97.96139602,High
1003,0.163625616,789.8652323,129.2421854,98.72775301,High
1005,0.068463849,789.8652946,54.07721855,92.74954905,High
1010,0.002550814,789.8654503,2.01479969,12.68279517,Low
1014,0.163730373,760.2971323,124.483733,98.63291707,High
1015,0.064761305,767.3137141,49.69223724,91.59101669,High
1020,0.187259137,1127.886582,211.2070684,99.46741434,High
1021,0.031635634,863.1079546,27.30496718,73.82793545,High
1024,0.09106646,749.4942553,68.25378871,95.2511235,High
1025,0.007383767,749.4942848,5.534091123,26.03283418,Low
1028,0.030853645,816.6853785,25.19772041,70.05617886,High
1029,0.047682905,816.6854107,38.94193257,86.91559011,High
1030,0.205553211,648.3799767,133.2765863,98.79840062,High
1032,0.129734575,723.6467827,93.88200803,97.51715675,High
1035,0.084465454,752.3051744,63.54379791,94.5616087,High
1037,0.076045093,699.9790314,53.22997057,92.54276835,High
1039,0.092289423,790.2532552,72.93201727,95.82751363,High
1040,0.027595832,790.2532864,21.80769713,63.30011371,Medium
1043,0.006980772,794.6817529,5.547492057,26.06955914,Low
1045,0.132634663,794.6818156,105.4023547,98.07142341,High
1047,0.009619961,759.415583,7.305547914,30.70250865,Medium
1049,0.054513108,759.4156429,41.39810705,88.34343884,High
1052,0.028368642,781.9579519,22.18308519,64.07856487,Medium
1053,0.255317775,781.9579827,199.647772,99.4116632,High
1056,0.47434591,980.4610434,465.0776856,99.89970694,High
1057,0.018003569,750.2608516,13.50737325,44.63115014,Medium
1062,0.22388581,974.1681191,218.1024187,99.49646983,High
1063,0.008497478,745.4439231,6.334392982,28.23883908,Low
1066,0.063624891,801.4219022,50.99038093,91.9653458,High
1067,0.014682667,801.4219338,11.7670113,40.76735992,Medium
1070,0.016854501,778.2424313,13.11688767,43.76612248,Medium
1073,0.130996024,778.2425234,101.9466764,97.93116061,High
1075,0.003066549,885.3609708,2.715002488,16.15706484,Low
1077,0.058264423,885.3610407,51.58505002,92.12419231,High
1079,0.002192887,791.0369201,1.734654434,11.30258564,Low
1081,0.019735981,791.0369825,15.61189074,49.38312392,Medium
1082,0.007675104,791.0370137,6.071291004,27.53265793,Low
1083,0.055918611,791.0370449,44.23369278,89.67438677,High
1085,0.067683484,887.5791976,60.07445257,93.97091206,High
1087,0.022004504,732.165059,16.11092876,50.53339685,Medium
1088,0.192803456,732.1650879,141.163959,98.91609748,High
1090,0.039779033,753.0128425,29.95412307,77.9299217,High
1092,0.119337097,753.0129019,89.86237399,97.26863644,High
1094,0.139841065,715.9207408,100.1151185,97.84827135,High
1095,0.012712824,715.9207691,9.101374653,34.94269284,Medium
1097,0.066742324,715.9208255,47.78221947,91.0140366,High
1098,0.028603853,715.9208538,20.4780946,60.43733675,Medium
1100,0.007407362,867.4981333,6.425872624,28.48617947,Low
1102,0.187653163,867.4982017,162.7887818,99.15399852,High
1104,0.024007667,771.9936601,18.53376634,56.05703725,Medium
1105,0.018672629,771.9936905,14.41515198,46.6628221,Medium
1107,0.115451478,745.918064,86.11734298,97.01274164,High
1109,0.010052256,770.5606521,7.745873002,31.7774143,Medium
1110,0.07930113,770.5606825,61.10633309,94.15291447,High
1112,0.145270839,770.6435266,111.9520321,98.30121251,High
1113,0.01393008,770.643557,10.73512665,38.52934973,Medium
1116,0.327550257,730.7400669,239.3540964,99.57921161,High
1120,0.128421496,666.6910768,85.61746513,96.97675413,High
1121,0.024295958,666.6911031,16.19789924,50.72867334,Medium
1123,0.121479788,666.6911557,80.9895005,96.60124511,High
1125,0.311684943,666.8716153,207.8538415,99.45296034,High
1129,0.004678496,789.8294841,3.695213899,20.20079261,Low
1131,0.120081388,789.8295464,94.84382844,97.56907316,High
1134,0.007402544,794.317876,5.879972891,27.00715178,Low
1136,0.017272602,794.3179386,13.71993748,45.10459239,Medium
1137,0.040302737,794.3179699,32.01318829,80.64078417,High
1139,0.003449564,753.1885439,2.598171924,15.58229709,Low
1140,0.043130152,758.984103,32.73509956,81.47823124,High
1141,0.025009337,753.1886033,18.83674745,56.76380836,Medium
1143,0.084686266,786.5818869,66.61268318,95.02251432,High
1144,0.009409585,786.5819179,7.401409439,30.93731241,Medium
1147,0.133812663,1749.249834,234.0717777,99.55989044,High
1148,0.077791319,783.9700509,60.98606467,94.13093849,High
1151,0.024998068,770.5210462,19.26153738,57.71747739,Medium
1153,0.091169422,770.521107,70.2479636,95.50244612,High
1155,0.073113023,848.7820757,62.05702306,94.31544823,High
1158,0.103287477,625.2706544,64.58262848,94.72016023,High
1162,0.135309318,757.9515728,102.5579102,97.95888869,High
1165,0.09614378,764.9926357,73.54928375,95.89683384,High
1166,0.006496201,764.9926659,4.969546331,24.34127369,Low
1169,0.245960477,1070.429763,263.2834153,99.64882679,High
1172,0.002767507,824.949421,2.283052994,14.02893455,Low
1174,0.051890748,824.9494861,42.80724591,89.0437204,High
1176,0.000240707,741.2535416,0.178424616,2.070166796,Low
1178,0.001872162,741.2536,1.387747088,9.699076566,Low
1180,0.012324257,761.7306208,9.387763793,35.58899313,Medium
1182,0.095855328,761.7306809,73.01594449,95.83592055,High
1185,0.082507507,780.0019926,64.35601976,94.68638507,High
1187,0.008606955,808.9997273,6.963024162,29.85399985,Low
1189,0.008606955,808.9997911,6.963024532,29.85414734,Low
1190,0.075590156,808.999823,61.15242278,94.16073143,High
1192,0.10364441,778.1577115,80.65169717,96.57410699,High
1195,0.009519826,784.7719148,7.470892071,31.1066307,Medium
1197,0.118997822,784.7719767,93.38615585,97.48618389,High
1200,0.160713596,784.2551135,126.0404596,98.6656598,High
1204,0.01624796,836.2743112,13.58775132,44.8153649,Medium
1205,0.062960843,836.2743442,52.65253777,92.39454111,High
1207,0.063829287,718.2755764,45.84701806,90.33292872,High
1208,0.007192032,718.2756047,5.165861327,24.92385839,Low
1211,0.223555433,863.6011901,193.0627381,99.37685561,High
1212,0.056775982,863.6012242,49.03180781,91.39116802,High
1214,0.046412475,737.1575489,34.21330643,83.05003001,High
1215,0.061428275,737.157578,45.28231853,90.11818357,High
1216,0.031017737,785.5687726,24.36656595,68.4712535,Medium
1219,0.484575127,783.3071386,379.571156,99.84602065,High
1221,0.078059523,833.0171688,65.02492323,94.78372834,High
1223,0.005274292,833.0172345,4.393576127,22.56431661,Low
1226,0.174830359,753.8014342,131.7873753,98.77332736,High
1228,0.072369343,885.9238467,64.11372682,94.64626784,High
1230,0.007135005,885.9239166,6.321071994,28.20757124,Low
1232,0.102454851,731.1334484,74.90816817,96.03842404,High
1235,0.001105252,664.1527489,0.734055955,6.101062959,Low
1237,0.000744322,660.6668103,0.491748576,4.591947352,Low
1238,0.005582412,660.6668363,3.68811442,20.17394947,Low
1239,0.152798783,1008.063188,154.0308281,99.06712703,High
1240,0.040868782,771.3889553,31.52572699,80.036076,High
1243,0.773391395,936.4204331,724.2195048,99.95398318,High
1245,0.001863292,813.8402337,1.516422049,10.28003888,Low
1246,0.134157027,813.8402658,109.1823904,98.20652406,High
1248,0.007453168,813.84033,6.06568868,27.5171715,Low
1250,0.211839268,826.8080003,175.1504016,99.25650393,High
1253,0.055082235,716.8135847,39.48369458,87.27030308,High
1254,0.20088815,716.813613,143.9993605,98.95252746,High
1258,0.055888205,828.7120077,46.31522647,90.50770413,High
1260,0.256561476,775.5902844,198.986588,99.40768097,High
1261,0.131753922,775.590315,102.187066,97.94251733,High
1264,0.002981706,729.58643,2.175412518,13.50859054,Low
1265,0.011926825,729.5864588,8.701650304,34.02707618,Medium
1266,0.101378015,729.5864875,73.96402955,95.93916341,High
1268,0.004339129,800.5023274,3.473483221,19.38487905,Low
1270,0.010124635,800.5023905,8.104794613,32.61840112,Medium
1271,0.245128105,1046.0976,256.4279218,99.63201296,High
1273,0.055220074,804.8092556,44.44162683,89.76715786,High
1275,0.003944291,804.8093191,3.174402085,18.17339786,Low
1276,0.017749309,804.8093508,14.28480976,46.37536448,Medium
1278,0.18463373,795.1020596,146.8026591,98.98718756,High
1282,0.027072488,784.7243204,21.24444007,62.08981244,Medium
1283,0.207555742,784.7243513,162.8740449,99.15532593,High
1286,0.176084537,734.9702332,129.4168933,98.7307028,High
1287,0.033102979,734.9702622,24.32970528,68.40665297,Medium
1288,0.303641728,817.463863,248.2161396,99.60841459,High
1290,0.087727502,774.4196313,67.9378998,95.20953138,High
1292,0.015950455,774.4196924,12.35234607,42.06821993,Medium
1295,0.007082167,752.4149692,5.328728192,25.4065925,Low
1296,0.044263541,752.4149989,33.30455208,82.10668527,High
1297,0.017705416,752.4150286,13.32182119,44.22732307,Medium
1299,0.002450383,867.870872,2.126615607,13.2547606,Low
1301,0.000165566,867.8709404,0.143690251,1.711471609,Low
1303,0.004205824,781.5338626,3.286993648,18.65495204,Low
1304,0.106547533,781.5338934,83.27050797,96.79902893,High
1306,0.071439844,781.2566438,55.81285277,93.13715224,High
1308,0.005849666,672.2463306,3.932416328,21.03204511,Low
1309,0.048747214,672.2463571,32.77013694,81.51554616,High
1311,0.092913508,768.306121,71.38601722,95.64639616,High
1314,0.101609422,746.897343,75.89180713,96.13384994,High
1316,0.10513676,835.8793906,87.8816506,97.13973036,High
1318,0.025475515,1092.314812,27.82728286,74.69945267,High
1322,0.046686588,850.971409,39.7289515,87.41897279,High
1323,0.180910526,850.9714426,153.9496912,99.06638958,High
1325,0.088416669,823.1445678,72.77970084,95.8092249,High
1327,0.017683333,823.1446327,14.55594094,46.98788961,Medium
1330,0.479178438,784.633609,375.9795074,99.84307086,High
1333,0.003498861,751.3993926,2.62904223,15.73480155,Low
1334,0.031272214,750.2941419,23.4633592,66.69193659,Medium
1335,0.055595047,750.2941715,41.71263969,88.50066297,High
1337,0.121790838,838.1664899,102.080999,97.93765016,High
1339,0.008041811,838.166556,6.74037686,29.29486603,Low
1341,0.005336247,648.9553646,3.462986354,19.34667919,Low
1344,0.252018834,825.3706994,208.0089609,99.45340281,High
1346,0.099211259,825.3707645,81.88607248,96.67882474,High
1349,0.054613685,781.5452865,42.68306799,88.98206967,High
1351,0.056020669,781.5453481,43.78269352,89.48530485,High
1354,0.190291322,812.8730209,154.6826816,99.0733216,High
1357,0.004236952,769.4175219,3.259985269,18.54507214,Low
1358,0.326245316,769.4175522,251.0188724,99.61564159,High
1361,0.03311818,750.7318599,24.86287314,69.42565998,Medium
1362,0.110393933,750.7318895,82.876246,96.76540125,High
1364,0.005916862,785.746456,4.649153681,23.38981701,Low
1366,0.063394953,785.746518,49.81236352,91.62184206,High
1368,0.091543517,712.0103996,65.17993641,94.81234136,High
1370,0.004948298,712.0104557,3.523239993,19.57469842,Low
1372,0.001875987,754.4010078,1.415246295,9.823262976,Low
1374,0.000446664,754.4010673,0.336963422,3.534887974,Low
1376,0.050640285,782.6236576,39.63228528,87.36336914,High
1378,0.004220024,782.6237193,3.302690616,18.71881513,Low
1381,0.114815465,778.0012462,89.32657446,97.23338638,High
1383,0.007864073,778.0013075,6.11825885,27.6631864,Low
1386,0.000398974,790.9796273,0.315579978,3.371026809,Low
1387,0.00271302,790.9796585,2.145943906,13.35697103,Low
1389,0.084396028,755.906056,63.79546863,94.59892362,High
1391,0.004561947,755.9061156,3.448403893,19.29417283,Low
1394,0.187520743,618.996106,116.0746097,98.42318658,High
1397,0.074159257,725.6427546,53.81312717,92.68244119,High
1399,0.006179938,725.6428118,4.484427502,22.87345523,Low
1402,0.023550477,854.9064363,20.1334543,59.67304462,Medium
1403,0.20606667,854.9064701,176.1677298,99.26461587,High
1405,0.121843866,654.4398327,79.73947925,96.4885629,High
1406,0.095190519,654.4398585,62.29646982,94.3577778,High
1407,0.079960035,654.4398843,52.32903604,92.32050123,High
1409,0.102566493,695.8265028,71.36848395,95.64477377,High
1410,0.027473167,695.8265302,19.11655871,57.3963921,Medium
1412,0.010989267,695.8265851,7.64662389,31.53228625,Medium
1416,0.003422235,803.9620553,2.751347345,16.33007037,Low
1417,0.078711411,803.962087,63.28099063,94.51898415,High
1419,0.005703725,803.9621504,4.585579274,23.19055829,Low
1421,0.00953648,770.738631,7.350133464,30.81283102,Medium
1423,0.000713859,691.4760287,0.493616638,4.604483985,Low
1425,0.001447497,773.6952106,1.119921389,8.35691941,Low
1427,0.000157337,773.6952716,0.121730592,1.46339377,Low
1429,0.097609218,780.4393769,76.17807736,96.16585523,High
1430,0.009233304,780.4394076,7.206034537,30.45649567,Medium
1434,0.045600618,748.3285345,34.12424386,82.95578403,High
1435,0.708341813,977.9367058,692.7134595,99.95118088,High
1437,0.07850302,684.1494083,53.70779434,92.65707295,High
1440,0.074336086,797.2815421,59.26678963,93.82106243,High
1442,0.00349079,793.2661178,2.769125201,16.41679437,Low
1445,0.00332952,786.0229169,2.617079145,15.67344579,Low
1447,0.000917866,785.5009418,0.720984352,6.019206121,Low
1448,0.000847261,785.5009728,0.665524035,5.666115546,Low
1450,0.083229126,803.2193574,66.85124472,95.05791187,High
1453,0.015365376,803.2194524,12.34176924,42.04609646,Medium
1457,0.190816251,716.7081625,136.7595644,98.85090699,High
1458,0.051555905,716.7081908,36.95053945,85.48995373,High
1461,0.194449554,1045.767087,203.3489433,99.43216428,High
1464,0.326041525,789.4958571,257.4084334,99.63437279,High
1466,7.85E-05,843.0785893,0.066206793,0.556331516,Low
1468,0.002748543,843.0786557,2.317237882,14.19677794,Low
1469,0.000196324,843.078689,0.165516996,1.938015938,Low
1472,0.308906809,689.906692,213.1168749,99.47464134,High
1473,0.133302163,852.15908,113.5946484,98.34870423,High
1476,0.008409695,805.0146126,6.769927616,29.36566113,Low
1478,0.049734656,779.0705906,38.74680773,86.78992881,High
1480,0.072195466,779.070652,56.24536904,93.22535114,High
1483,0.336540676,784.5157302,264.0214544,99.65030169,High
1486,0.115154368,787.4394472,90.67709205,97.32202775,High
1487,0.087559599,1029.031928,90.10162304,97.28441785,High
1489,0.000320443,812.7772489,0.260448737,2.903926621,Low
1490,0.084443138,812.7772809,68.6334639,95.29581291,High
1492,0.005864107,812.777345,4.766213024,23.73818791,Low
1493,0.029002163,629.6081106,18.25999732,55.41855392,Medium
1495,0.344282606,854.9770565,294.3537293,99.71917943,High
1497,0.07612357,792.6178409,60.33689942,94.01781382,High
1499,0.014053582,792.6179034,11.13912048,39.40602909,Medium
1503,0.089957004,853.9344753,76.81738676,96.22662102,High
1505,0.00366357,773.764023,2.834738542,16.70720178,Low
1510,0.150758476,794.8351935,119.8281422,98.52229972,High
1513,0.015254388,780.7178214,11.90937291,41.07856339,Medium
1514,0.056250557,780.7178522,43.91581378,89.54135098,High
1515,0.000953399,780.717883,0.744335847,6.163893613,Low
1517,0.17608815,812.0513522,142.9926203,98.93940087,High
1522,0.017638727,803.2121401,14.16763927,46.1148975,Medium
1523,0.146817015,822.8507114,120.8084849,98.54766797,High
1525,0.108892879,758.7413814,82.62153367,96.74475268,High
1528,0.003883412,816.0795332,3.169173161,18.15348673,Low
1530,0.028478355,816.0795975,23.24060442,66.24533748,Medium
1531,0.066018004,816.0796297,53.87594804,92.69778013,High
1534,0.001925119,752.4048678,1.448469217,9.976799855,Low
1535,0.000465755,752.4048975,0.35043611,3.634886057,Low
1537,0.121321216,800.5722711,97.12640153,97.69148969,High
1539,0.006043107,727.0743499,4.393788263,22.56505406,Low
1541,0.206650912,727.0744072,150.2505891,99.02612487,High
1542,0.036258642,727.0744359,26.36273168,72.18017944,High
1544,0.017742178,850.9916014,15.09844437,48.21529971,Medium
1545,0.113549937,850.991635,96.63004655,97.66494153,High
1547,0.031935919,850.9917021,27.17720204,73.6089131,High
1551,0.013074163,792.8541366,10.36590448,37.72081066,Medium
1552,0.281405935,1036.105779,291.5663151,99.71504971,High
1554,0.017060189,782.5361372,13.35021478,44.29044871,Medium
1558,0.059606595,771.3516715,45.9776464,90.38189533,High
1559,0.026491819,771.3517019,20.43451005,60.34338575,Medium
1561,0.09466322,861.5452027,81.55664296,96.64962176,High
1563,0.005259068,861.5452706,4.53092485,23.01519292,Low
1565,0.025931374,799.5990947,20.73470306,61.00443502,Medium
1567,0.038879009,765.7186061,29.7703806,77.67741916,High
1569,0.020620519,703.8320114,14.51338112,46.89084133,Medium
1572,0.337131894,656.1919037,221.2232192,99.5098914,High
1573,0.064028375,659.8717649,42.25051693,88.77263415,High
1576,0.054339695,786.9847031,42.76450907,89.02277685,High
1579,0.015595273,801.3779004,12.49770747,42.39653222,Medium
1580,0.058482275,801.377932,46.86640426,90.70814276,High
1582,0.046886671,772.71951,36.23024538,84.91400607,High
1584,0.003962254,772.7195709,3.06171104,17.70777256,Low
1587,0.257694082,745.4369403,192.0946877,99.37051354,High
1590,0.002688892,783.0271087,2.10547569,13.14517568,Low
1592,0.003212994,843.2761855,2.70944129,16.12550202,Low
1594,0.085144338,843.276252,71.800198,95.69595273,High
1596,0.014458472,843.2763185,12.1924871,41.71276952,Medium
1597,0.019277963,843.2763517,16.2566499,50.86156165,Medium
1599,0.10889738,723.5424228,78.79187447,96.40287133,High
1601,0.004414759,723.5424798,3.194265351,18.25407477,Low
1602,0.300404257,840.1517674,252.3851676,99.61962381,High
1605,0.07650179,775.2274756,59.3062895,93.82843692,High
1608,0.086682672,716.423711,62.10152142,94.3231177,High
1609,0.020971614,716.4237393,15.02456203,48.04008183,Medium
1611,0.078532511,772.7807169,60.68841028,94.08064447,High
1613,0.038430802,772.7807779,29.69858533,77.57152149,High
1614,0.024986517,1009.88157,25.23342291,70.12726895,High
1617,0.072377128,804.9102553,58.25709255,93.62962067,High
1619,0.012248437,804.9103188,9.858893109,36.59856079,Medium
1622,0.018114938,774.6813126,14.03330368,45.80487395,Medium
1623,0.063935073,774.6813432,49.52930843,91.54558983,High
1625,0.36060131,842.7238475,303.8873236,99.73614075,High
1626,0.014618972,842.7238807,12.31975669,41.99830977,Medium
1628,0.009210733,866.0150686,7.976633879,32.32297906,Medium
1629,0.081745257,866.0151028,70.79262756,95.57427365,High
1632,0.057900561,962.4395027,55.72578711,93.11724111,High
1634,0.002379475,962.4395786,2.290100962,14.0613823,Low
1637,0.018026665,787.8734621,14.20273121,46.19704932,Medium
1639,0.084586658,787.8735242,66.64358847,95.02782395,High
1640,0.04825478,845.9498647,40.82112444,88.03975735,High
1642,0.005396804,732.9787072,3.955742542,21.12127644,Low
1645,0.000817698,732.9787939,0.599354978,5.266270706,Low
1648,0.008099086,779.1867611,6.310700874,28.1807281,Low
1649,0.061193096,779.1867919,47.68085232,90.98262128,High
1652,0.007622824,792.6405586,6.04215967,27.45522578,Low
1653,0.402476517,1353.529666,544.7639053,99.92640259,High
1658,0.06804018,841.2444218,57.2384216,93.42416738,High
1660,0.063419355,764.401678,48.47786108,91.2352713,High
1665,0.009687493,1045.669434,10.12991521,37.19382962,Medium
1668,0.048966713,792.1117653,38.78710987,86.81706693,High
1669,0.094166756,792.1117965,74.59059788,96.00568131,High
1671,0.078396905,861.0030263,67.49997206,95.14684822,High
1672,0.007517511,861.0030603,6.472600232,28.6115458,Low
1676,0.001919843,788.6024729,1.51399278,10.2695671,Low
1677,0.049915912,788.602504,39.36381331,87.1933134,High
1678,0.02111827,788.602535,16.65392146,51.74900776,Medium
1681,0.350757381,741.3925278,260.0489012,99.64130481,High
1683,0.008947153,802.860044,7.183311703,30.40782404,Medium
1685,0.307670386,802.8601073,247.0162789,99.60516981,High
1686,0.017894305,802.860139,14.36662455,46.55530204,Medium
1689,0.073986038,910.5182911,67.3656405,95.1254622,High
1692,0.006404305,903.4033426,5.785670487,26.74786472,Low
1693,0.054436591,903.4033783,49.17820045,91.43703734,High
1696,0.004371771,744.9458463,3.256732583,18.53371543,Low
1697,0.015301198,744.9458757,11.39856434,39.96722777,Medium
1698,0.172619908,744.9459051,128.5924939,98.71521637,High
1700,0.091270299,808.6864462,73.80905365,95.92352949,High
1702,0.018833553,808.68651,15.23044045,48.50968934,Medium
1704,0.064030606,672.3129623,43.04860669,89.15492771,High
1707,0.070897133,856.486813,60.72245917,94.08639657,High
1709,0.003938729,856.4868805,3.373470133,19.00568278,Low
1712,0.381090561,749.1211784,285.4830099,99.70162814,High
1716,0.102571625,813.3756861,83.42926578,96.80891074,High
1717,0.013778278,813.3757182,11.2069166,39.5474718,Medium
1720,0.272523588,585.8421109,159.6557938,99.12509052,High
1723,0.002608241,851.2714875,2.220320964,13.72938277,Low
1724,0.000223563,851.2715211,0.190313231,2.197008022,Low
1727,0.070224388,817.2319961,57.38961681,93.4542553,High
1729,0.00356974,778.6289991,2.779502787,16.46679341,Low
1731,0.000669326,778.6290605,0.5211568,4.774982191,Low
1732,0.002292133,838.2511024,1.92138319,12.22646173,Low
1733,0.019483132,838.2511354,16.33175754,51.0342722,Medium
1734,0.025213465,838.2511685,21.13521621,61.8504365,Medium
1737,0.059699571,737.742053,44.04288428,89.59651216,High
1738,0.03444206,737.7420821,25.40935699,70.4517465,High
1739,0.078068668,737.7421112,57.59454404,93.50012463,High
1741,0.322219666,659.9902513,212.6618385,99.47316644,High
1743,0.049572255,659.9903033,32.71720766,81.45905757,High
1745,0.003902758,818.7072616,3.195216423,18.25923692,Low
1746,0.092365275,818.7072939,75.62012401,96.10508943,High
1752,0.058763213,785.6452977,46.1670419,90.45298541,High
1754,0.012606222,829.5563046,10.45757109,37.91652962,Medium
1755,0.082513453,829.5563373,68.44955806,95.27309948,High
1758,0.002062298,691.6965877,1.426484393,9.875474364,Low
1760,0.000651252,691.6966423,0.45046878,4.323663411,Low
1763,0.004535405,802.9166471,3.641552549,20.014513,Low
1764,0.000533577,802.9166787,0.428417958,4.176763572,Low
1767,0.151204558,802.0435863,121.2726456,98.55976213,High
1768,0.165236421,868.6759638,143.5369072,98.94603791,High
1769,0.060374845,868.675998,52.44617901,92.34542701,High
1771,0.048655552,867.3030373,42.19910762,88.75095315,High
1773,0.008362673,867.3031057,7.252972008,30.56873541,Medium
1775,0.003723599,721.9619109,2.688296523,16.01901438,Low
1777,0.08688397,721.9619679,62.7269222,94.42975282,High
1779,0.002591965,763.6239763,1.979286983,12.50639737,Low
1781,0.000146026,763.6240365,0.111509132,1.338912381,Low
1785,0.001264874,744.217025,0.941340455,7.359298421,Low
1786,0.000423145,733.1612502,0.310233692,3.325304972,Low
1787,0.000121622,744.2170837,0.09051351,1.008092765,Low
1789,0.03040435,751.8205603,22.8586157,65.46673884,Medium
1792,0.020596495,751.8206492,15.48486994,49.09212655,Medium
1793,0.022558065,751.8206789,16.9596199,52.45872867,Medium
1794,0.015825594,725.0594747,11.47449686,40.13182638,Medium
1795,0.006330238,725.0595032,4.589798868,23.20279995,Low
1799,0.220332344,779.943826,171.8468515,99.23113569,High
1801,0.019159334,779.9438875,14.94320528,47.86294658,Medium
1804,0.105210438,851.318727,89.56761634,97.24975775,High
1805,0.01256244,851.3187606,10.69464104,38.44203577,Medium
1807,0.120375267,837.5438567,100.8195656,97.8807191,High
1809,0.018519271,837.5439227,15.51070323,49.15274486,Medium
1811,0.075235307,744.8467792,56.03877623,93.18316905,High
1812,0.015775145,744.8468086,11.7500663,40.73166739,Medium
1817,0.101161953,732.4123557,74.09226405,95.95361741,High
1818,0.007225854,732.4123846,5.292304716,25.30364462,Low
1820,0.049963616,786.920701,39.31740343,87.16175059,High
1821,0.014275319,786.920732,11.23354414,39.60587776,Medium
1823,0.011216321,786.9207941,8.826356575,34.31674614,Medium
1825,0.085398069,690.4466771,58.96281319,93.76265647,High
1829,0.199878628,794.9547828,158.8944717,99.11624113,High
1832,0.116130935,802.6821728,93.21623102,97.4760071,High
1836,0.110948379,847.4196112,94.01983253,97.52467873,High
1838,0.215549841,721.433078,155.5047856,99.0820235,High
1840,0.037047628,721.4331349,26.72738644,72.83090442,High
1842,0.006458274,876.9037935,5.66328469,26.39654402,Low
1844,0.000664822,876.9038626,0.58298522,5.160225541,Low
1846,0.032623729,737.0008308,24.04371508,67.85076392,Medium
1848,0.25283389,737.0008889,186.3388018,99.33378859,High
1852,0.011713781,795.588247,9.319346552,35.43663617,Medium
1853,0.073477353,795.5882784,58.45772083,93.66929543,High
1856,0.14391457,790.6978836,113.7929461,98.3534239,High
1857,0.014814735,790.6979148,11.71398005,40.65158043,Medium
1860,0.060706581,741.8513995,45.0352624,90.01612063,High
1861,0.014164869,741.8514288,10.50822817,38.02596705,Medium
1862,0.070684832,874.5306594,61.81605294,94.27459355,High
1863,0.009202784,793.1097458,7.298817824,30.68569482,Medium
1866,0.091053768,752.8379096,68.54872847,95.28622608,High
1868,0.055464192,783.446507,43.4532273,89.33973242,High
1870,0.009532908,783.4465688,7.468523839,31.09999366,Medium
1876,0.088724489,602.5191935,53.45820762,92.59763456,High
1878,0.09268258,774.4726494,71.78012307,95.69300294,High
1880,0.003916165,774.4727104,3.032963108,17.58270122,Low
1883,0.086336052,762.0350937,65.79110135,94.90349005,High
1886,0.072660299,787.5818634,57.22593395,93.42210253,High
1887,0.007479737,787.5818945,5.890905122,27.03664974,Low
1889,0.016959248,733.1883969,12.43432387,42.2465351,Medium
1891,0.234037617,733.1884547,171.5936786,99.22892334,High
1894,0.197966175,770.7000054,152.5725321,99.0531155,High
1895,0.082980737,770.7000358,63.95325697,94.62266948,High
1898,0.062588704,753.684982,47.17216591,90.81300801,High
1899,0.006442955,753.6850117,4.855958385,24.011634,Low
1901,0.092625565,887.113175,82.16935862,96.70419299,High
1903,0.002572932,887.1132449,2.282482305,14.02657471,Low
1905,0.007142372,760.7853037,5.433811455,25.72708783,Low
1906,0.058924566,760.7853337,44.82894569,89.93175647,High
1908,0.000482028,760.7853937,0.366719483,3.755532711,Low
1910,0.094314835,667.7985573,62.98331106,94.46869013,High
1913,0.240620476,786.3515007,189.2122725,99.35207732,High
1916,0.15974514,1057.215302,168.8850063,99.20267016,High
1917,0.048834357,809.0125161,39.5076063,87.28682193,High
1919,0.007705798,1072.172831,8.26194738,32.98683064,Medium
1921,4.90E-06,820.4618119,0.004022604,0.012241653,Low
1923,0.044579469,748.0366694,33.34707751,82.14842488,High
1925,0.066190843,977.5554464,64.70521915,94.73682658,High
1929,0.265346904,734.2240798,194.8240863,99.38909726,High
1930,0.051357465,734.2241087,37.70788867,86.06649135,High
1933,0.015390009,729.0733355,11.22044489,39.57696976,Medium
1935,0.063525962,729.073393,46.31508895,90.50755664,High
1937,0.008550004,729.0734505,6.233581155,27.96288567,Low
1940,0.093267695,785.9100335,73.300017,95.86600847,High
1941,0.009744386,785.9100645,7.658210935,31.56178421,Medium
1943,0.001729762,742.9579091,1.28514063,9.21589999,Low
1944,0.132949539,742.9579384,98.77591524,97.77777122,High
1945,0.021103101,742.9579677,15.67871712,49.53076121,Medium
1948,0.08727829,757.9562588,66.15312632,94.95599642,High
1949,0.006324514,757.9562887,4.793704933,23.82166714,Low
1951,0.084750687,787.994578,66.78308152,95.04714511,High
1953,0.003531279,787.9946402,2.782628545,16.48242733,Low
1954,0.458590542,1242.613541,569.850818,99.93392457,High
1955,0.029531082,727.6530876,21.48838307,62.60912401,Medium
1957,0.361665773,648.0175714,234.3657762,99.56121785,High
1959,0.000321564,1113.069706,0.357923259,3.690047241,Low
1961,0.00225789,851.7663878,1.923194615,12.23752347,Low
1963,0.014469193,880.3181979,12.73749355,42.92498816,Medium
1964,0.092602831,880.3182326,81.5199609,96.64696695,High
1967,0.113758049,738.8901793,84.05470542,96.85905727,High
1970,0.214911486,808.2059539,173.6927429,99.24426228,High
1973,0.106812133,837.6043767,89.46630994,97.24400565,High
1974,0.009710194,837.6044098,8.13330112,32.68757384,Medium
1977,0.008954962,847.3123143,7.587649526,31.38435399,Medium
1978,0.06566972,847.3123477,55.64276467,93.09895238,High
1981,0.000549449,760.2884391,0.417739835,4.103756123,Low
1983,0.001483513,760.2884991,1.127897616,8.399543962,Low
1986,0.015861345,821.0806815,13.02344406,43.55535956,Medium
1987,0.068203783,821.0807139,56.00081094,93.17461465,High
1988,0.000439952,770.6638237,0.339054763,3.551554321,Low
1991,0.034170828,802.1771417,27.41105707,74.00108847,High
1992,0.256281206,802.1771734,205.5829335,99.44263606,High
1994,0.020888775,808.1961857,16.88222814,52.28528067,Medium
1995,0.068810081,808.1962175,55.61204711,93.09349526,High
1998,0.00635348,824.0137276,5.235354549,25.12945917,Low
2000,0.072006102,824.0137926,59.33402137,93.83610639,High
2002,0.000506525,777.5811709,0.393864387,3.942549774,Low
2003,0.012977175,777.5812015,10.09080747,37.108728,Medium
2004,0.105833411,777.5812322,82.29407442,96.71628715,High
2007,0.072846644,874.0323428,63.67032307,94.57989744,High
2010,0.009037109,891.1123148,8.053079022,32.49377224,Medium
2012,0.050936431,891.1123851,45.39008417,90.16139809,High
2014,0.007894598,773.7534221,6.108472439,27.63678573,Low
2015,0.026644269,773.7534526,20.61609503,60.74278812,Medium
2016,0.095919632,1011.152291,96.98935568,97.68514763,High
2019,0.010989178,762.5018965,8.379269422,33.26381648,Medium
2020,0.070330741,762.5019265,53.62732572,92.63922668,High
2023,0.059304575,899.2017383,53.32677689,92.56828409,High
2024,0.088365039,899.2017738,79.45800002,96.46511203,High
2026,0.021314096,673.7329454,14.36000875,46.54099553,Medium
2027,0.110833298,673.7329719,74.67204748,96.01423572,High
2029,0.010895731,816.4823546,8.896171966,34.47795249,Medium
2030,0.088527812,816.4823868,72.28139915,95.75244132,High
2032,0.070691029,765.258798,54.09693157,92.75323629,High
2035,0.008807384,883.218941,7.778848667,31.85174916,Medium
2036,0.062630288,883.2189759,55.31625866,93.02727234,High
2039,0.004862893,796.290006,3.872273482,20.8139077,Low
2041,0.055112791,796.2900688,43.88576846,89.52866685,High
2043,0.009231705,772.3950483,7.130522934,30.26947861,Medium
2044,0.034337161,772.3950787,26.52185404,72.46394981,High
2049,0.156772247,769.4457163,120.6277343,98.54339076,High
2053,0.061918035,757.7684004,46.91953067,90.72672648,High
2055,0.053228078,740.5689645,39.41906297,87.22930091,High
2056,0.1512798,740.5689937,112.0331293,98.30475227,High
2058,0.181682087,792.2354461,143.9349891,98.95149503,High
2060,0.052141886,777.2993454,40.5298537,87.87604367,High
2062,0.018346219,777.2994067,14.26050484,46.32212067,Medium
2064,0.18076556,721.7215285,130.4623961,98.7481066,High
2066,0.06585528,721.7215855,47.52917711,90.93158981,High
2067,0.054233759,721.7216139,39.14167631,87.0430213,High
2069,0.053301212,789.0878252,42.05933708,88.67735574,High
2071,0.017444032,789.0878874,13.76487468,45.20473796,Medium
2073,0.065134161,885.8586702,57.69966161,93.52121567,High
2074,0.006908169,885.8587051,6.119661242,27.66702113,Low
2077,0.101738713,743.6206046,75.65500347,96.10862919,High
2080,0.036485377,752.2660105,27.44670876,74.0599369,High
2081,0.062160271,752.2660402,46.76106061,90.66979542,High
2084,0.005852989,827.0259578,4.840573517,23.9638473,Low
2085,0.25163418,1080.74848,271.9532581,99.67021281,High
2087,0.084152412,797.8119554,67.13780011,95.09758662,High
2091,0.040284153,913.6725509,36.80652473,85.37653408,High
2092,0.091102517,699.1374982,63.69318567,94.58373217,High
2094,0.002717289,747.2138744,2.030396199,12.76745431,Low
2095,0.004755256,747.2139039,3.553193443,19.69018293,Low
2097,0.000556822,747.2139628,0.416064812,4.090187061,Low
2098,0.041438658,747.2139923,30.96354533,79.29862702,High
2100,0.063029628,778.6258491,49.07649733,91.40178728,High
2104,0.018322087,735.4958605,13.47581901,44.55932261,Medium
2106,0.084563475,735.4959185,62.19609102,94.33845664,High
2108,0.000261343,816.6919596,0.213436472,2.43889129,Low
2110,0.00355426,816.6920241,2.902736173,17.01073578,Low
2112,0.035464143,773.6605179,27.43720697,74.04533541,High
2113,0.02171274,773.6605484,16.79829043,52.09118409,Medium
2116,0.034415124,771.2121766,26.54136274,72.50288711,High
2118,0.213373764,771.2122375,164.5564577,99.16786256,High
2120,0.040190073,780.3067233,31.36058432,79.8207409,High
2123,0.185492638,780.3068156,144.7411699,98.9621143,High
2125,0.147773325,767.7306767,113.4501145,98.34575443,High
2129,0.195710895,713.5906779,139.6574701,98.89618636,High
2131,0.122495229,771.2817016,94.47832872,97.54886706,High
2134,0.009494444,782.4796741,7.42920942,31.001028,Medium
2135,0.001186805,782.4797049,0.928651202,7.27965393,Low
2137,0.075955549,782.4797666,59.4336801,93.85454261,High
2142,0.004567721,795.4049777,3.633187801,19.98737487,Low
2144,0.07879318,795.4050404,62.67249289,94.42031347,High
2146,0.000200567,1116.220515,0.223877192,2.544199005,Low
2148,0.001850908,854.1781797,1.581005171,10.56026949,Low
2150,0.047824859,802.2039496,38.36529084,86.5356564,High
2151,0.167387005,802.2039812,134.2785215,98.81654187,High
2154,0.022254942,886.7263127,19.73404259,58.78530353,Medium
2155,0.066764825,886.7263477,59.20212935,93.81044316,High
2158,0.06462071,875.094687,56.54923964,93.28862426,High
2161,0.184612297,637.788421,117.7435855,98.46994084,High
2164,0.027501158,803.7080952,22.10290359,63.9117539,Medium
2169,0.374015729,803.7082537,300.5995288,99.73009367,High
2171,0.005913464,798.0875512,4.719462377,23.60116989,Low
2173,0.102007259,798.0876141,81.41073033,96.63826505,High
2175,0.134658579,1010.614197,136.0878716,98.84309003,High
2176,0.108059053,773.3416287,83.56656414,96.81908754,High
2179,0.024341829,791.8669976,19.27549088,57.75199001,Medium
2180,0.173097447,791.8670288,137.070161,98.8565116,High
2183,0.010518536,869.3058087,9.143824524,35.03752878,Medium
2184,0.059286294,869.3058429,51.53792141,92.11165568,High
2186,0.007473671,800.5030708,5.982696648,27.28561252,Low
2187,0.059789368,800.5031024,47.86157445,91.03984732,High
2190,0.009139158,758.8425961,6.935182147,29.78453215,Low
2191,0.073113261,758.842626,55.48145865,93.06502973,High
2194,0.163301109,813.2763033,132.808922,98.79014119,High
2196,0.015802701,885.2332739,13.98907657,45.70944805,Medium
2197,0.001975338,885.2333088,1.748634618,11.37161087,Low
2199,0.010346963,787.16631,8.144780542,32.71795674,Medium
2201,0.107967227,787.1663721,84.98817046,96.93693189,High
2202,0.006035728,787.1664032,4.751122362,23.69659579,Low
2205,0.223652095,725.615684,162.2854679,99.14809893,High
2207,0.136069906,804.5258033,109.4717506,98.21537345,High
2209,0.348549253,1051.353902,366.4486177,99.8323041,High
2211,0.366586263,790.4269429,289.7596594,99.71165745,High
2213,0.089976928,1196.272326,107.6369088,98.14870806,High
2214,0.067871296,915.4539266,62.13304486,94.32724741,High
2217,0.017565756,734.5891826,12.90361431,43.29046788,Medium
2218,0.124912041,734.5892115,91.75903753,97.38972557,High
2222,0.287040615,779.0876004,223.6297838,99.52110063,High
2224,0.087971204,670.9291058,59.02244134,93.77711047,High
2225,0.126458604,670.9291323,84.84476168,96.92616513,High
2226,0.054982001,670.9291588,36.8890278,85.44187206,High
2227,0.076974801,670.9291852,51.64464029,92.13776137,High
2229,0.116568089,843.5507539,98.3310993,97.75609022,High
2230,0.010597099,843.5507872,8.939191083,34.57559073,Medium
2233,0.00099276,832.7535598,0.82672464,6.672290944,Low
2234,0.063536656,832.7535926,52.9103784,92.4597316,High
2235,0.005956561,832.7536255,4.960348106,24.31502051,Low
2238,0.01262389,905.0458083,11.4251983,40.02253644,Medium
2240,0.015022652,905.0458797,13.59618959,44.83453857,Medium
2241,0.00300453,905.0459154,2.71923799,16.17977826,Low
2242,0.07511326,905.0459511,67.98095155,95.2149885,High
2244,0.010005493,773.1868482,7.736115545,31.75366844,Medium
2246,0.134073602,773.1869092,103.6639538,98.00608543,High
2248,0.009995837,759.0765305,7.587605235,31.3842065,Medium
2249,0.071081506,759.0765604,53.95630533,92.71783874,High
2251,0.003028442,825.7146671,2.500628957,15.11209962,Low
2253,0.070663644,825.7147322,58.34801209,93.64731945,High
2255,0.019052189,815.0665761,15.52880254,49.19654933,Medium
2256,0.058347328,815.0666082,47.55695905,90.94029171,High
2257,0.005953809,815.0666403,4.852751053,24.00101473,Low
2258,0.002967753,1065.124606,3.161026679,18.1235463,Low
2260,0.005399573,802.1526958,4.331281879,22.36019073,Low
2262,0.070327143,802.152759,56.4131121,93.26104367,High
2263,0.005399573,802.1527906,4.331282224,22.36033822,Low
2265,0.017779596,757.4712828,13.46753339,44.54309873,Medium
2267,0.074928295,757.4713426,56.75603658,93.33006889,High
2269,0.004235756,770.606922,3.264103223,18.56129602,Low
2270,0.001241912,770.6069524,0.95702635,7.451332054,Low
2273,0.010543244,783.2969388,8.258490391,32.98078355,Medium
2274,0.016400601,783.2969697,12.84654095,43.16318419,Medium
2275,0.058573574,783.2970005,45.88050461,90.34310552,High
2278,0.003884148,807.1004148,3.134897843,18.01794361,Low
2280,0.066030522,807.1004784,53.29326617,92.55972968,High
2282,0.000876701,754.3745401,0.661360811,5.639714873,Low
2284,0.004383504,754.3745996,3.306804229,18.73474402,Low
2286,0.009388255,679.5792103,6.380062828,28.35373363,Low
2287,0.066760923,679.5792371,45.36933687,90.15269619,High
2290,0.010821608,796.4882393,8.61928376,33.83076726,Medium
2291,0.000739181,796.4882707,0.58874892,5.198720379,Low
2292,0.075852447,796.4883022,60.41558653,94.03197284,High
2295,0.035254788,826.753732,29.14702749,76.7618025,High
2296,0.001637853,823.7079004,1.349112562,9.520908891,Low
2300,0.00022375,823.7080303,0.184304985,2.130047654,Low
2301,0.022111016,823.7080628,18.21302201,55.31177131,Medium
2302,0.000859873,826.7539602,0.710903242,5.95504806,Low
2304,0.183129217,991.6174287,181.594123,99.30148832,High
2305,0.104132298,991.6174678,103.259406,97.98971406,High
2307,0.018422469,879.695339,16.20616043,50.74843698,Medium
2309,0.066556564,882.5491679,58.73944044,93.72135932,High
2311,0.08078579,763.1356522,61.65051648,94.24598053,High
2314,0.065805867,805.2430698,52.98971864,92.48052766,High
2315,0.018801676,805.2431015,15.13992001,48.31338042,Medium
2318,0.031575981,781.9751438,24.69163262,69.10059247,Medium
2319,0.17885745,1021.893261,182.773223,99.31019022,High
2322,0.090521986,716.3954428,64.8495383,94.75895005,High
2323,0.008486436,716.395471,6.079644377,27.5575837,Low
2325,0.021079601,792.5966822,16.70762221,51.88204356,Medium
2326,0.030448313,792.5967135,24.13323272,68.0231795,Medium
2328,0.085203536,783.4011413,66.74854766,95.04198297,High
2332,0.088787565,794.707328,70.56012861,95.54359577,High
2335,0.016456191,782.3068071,12.87379055,43.22557237,Medium
2337,0.102028384,782.3068688,79.81750566,96.49711731,High
2339,0.011460082,744.5023167,8.53205764,33.62118425,Medium
2340,0.078947231,744.502346,58.77639863,93.72902879,High
2342,0.009203274,766.0587937,7.050249074,30.07243224,Medium
2344,0.064422917,766.0588541,49.35174614,91.49205104,High
2348,0.019397043,760.0447253,14.74261994,47.40926796,Medium
2350,0.219405256,993.2429941,217.9227338,99.49573238,High
2352,0.070939362,797.3520128,56.56364272,93.2923115,High
2353,0.007758993,797.3520442,6.186648587,27.83265218,Low
2355,0.124821658,810.8328749,101.2095035,97.8981229,High
2356,0.003900677,810.8329068,3.162797067,18.13180573,Low
2358,0.009751692,810.8329708,7.906993088,32.1589704,Medium
2360,0.121562205,847.7519032,103.0545907,97.97850484,High
2365,0.056252393,829.7931086,46.67784775,90.64059244,High
2367,0.065847907,741.9657817,48.85689365,91.34411877,High
2370,0.002394776,794.9016915,1.903611641,12.13501806,Low
2372,0.098517352,794.9017542,78.31161577,96.35965682,High
2373,0.087021813,800.5167191,69.66241586,95.43120855,High
2375,0.09534661,787.1894072,75.05584118,96.05228808,High
2378,0.044611059,777.4873738,34.68453537,83.5026762,High
2379,0.004879335,777.4874045,3.793621157,20.5406091,Low
2382,0.05247307,710.350717,37.27428292,85.73965396,High
2385,0.065757299,830.3130461,54.59914342,92.86695093,High
2386,0.014738705,830.3130789,12.23773937,41.81217764,Medium
2389,0.073654223,781.1540037,57.53529099,93.48552314,High
2390,0.005579865,781.1540345,4.358734282,22.4532568,Low
2393,0.097290052,837.0512327,81.43675781,96.64047739,High
2395,0.10995039,831.2452046,91.39573416,97.36627469,High
2396,0.010307849,831.2452373,8.568350305,33.71233295,Medium
2399,0.018093581,813.0732289,14.71140594,47.33921031,Medium
2401,0.087178158,813.073293,70.8822324,95.58548287,High
2402,0.017652371,813.073325,14.35267177,46.52462416,Medium
2404,0.304015959,990.7104035,301.1917735,99.73156857,High
2405,0.013136456,758.1062399,9.958828922,36.81433837,Medium
2408,0.001141002,762.6341694,0.87016696,6.939689947,Low
2409,0.073024114,762.6341995,55.69068691,93.10824424,High
2410,0.006846011,762.6342295,5.221002036,25.08639215,Low
2413,0.069295959,672.1149065,46.57484684,90.60150764,High
2415,0.11993531,672.1149595,80.61031613,96.56894484,High
2418,0.025814746,742.6678259,19.1717815,57.51335151,Medium
2419,0.177834917,742.6678552,132.0722761,98.77819452,High
2422,0.176308771,1112.605442,196.1620979,99.39529183,High
2424,0.01992489,816.3725486,16.26613361,50.88368512,Medium
2426,0.058667732,816.3726129,47.89472929,91.05031909,High
2427,0.009650477,788.5179694,7.609574558,31.43612291,Medium
2428,0.004825238,788.5180005,3.80478738,20.58190625,Low
2430,0.007606753,751.7322489,5.718241542,26.55111333,Low
2432,0.058952334,751.7323082,44.31637431,89.71184918,High
2435,0.033213546,853.5342895,28.34890019,75.53070516,High
2436,0.003349447,853.5343232,2.858868394,16.81324694,Low
2439,0.003163865,760.081544,2.404795645,14.62494082,Low
2440,0.018983192,760.0815739,14.42877425,46.69526985,Medium
2442,0.196159643,760.0816339,149.0973418,99.01476815,High
2444,0.003008513,765.6633989,2.303508391,14.12952259,Low
2445,0.010529796,765.663429,8.062279582,32.5132409,Medium
2447,0.093263904,765.6634894,71.4087658,95.64860851,High
2450,0.03032108,766.9440499,23.254572,66.27454046,Medium
2452,0.337156982,1002.2564,337.9177431,99.79159692,High
2454,0.096016466,765.4221766,73.49313252,95.88960684,High
2456,0.00581918,765.4222369,4.45412948,22.77109731,Low
2458,0.005267264,790.30552,4.16274809,21.82170548,Low
2459,0.000399035,790.3055511,0.315359712,3.368371993,Low
2461,0.017074984,774.4691029,13.22404731,44.00299109,Medium
2462,0.077790695,774.4691334,60.24649194,94.0036548,High
2464,0.050009529,624.6655951,31.23923234,79.6645492,High
2466,0.036581388,758.9557724,27.76365532,74.59443993,High
2468,0.075195073,758.9558323,57.06973897,93.39127716,High
2472,0.343367794,953.43882,327.3801846,99.77493057,High
2475,0.07987296,807.7429214,64.51681823,94.71042591,High
2476,0.007261178,807.7429532,5.86516545,26.96629711,Low
2479,0.010416566,765.7997859,7.977003834,32.32371651,Medium
2481,0.082030453,765.7998463,62.81890853,94.44346937,High
2483,0.000251721,847.1089478,0.213235141,2.436678943,Low
2485,0.001982303,847.1090146,1.679226821,11.02869709,Low
2487,0.289353391,788.9267725,228.2786369,99.53865191,High
2491,0.004297047,890.6384152,3.827114689,20.65609361,Low
2494,0.057580421,890.6385206,51.28334092,92.04572774,High
2496,0.145439294,800.8559737,116.4759275,98.43454329,High
2499,0.05366519,787.9441662,42.2851735,88.79048042,High
2502,0.053133184,759.849909,40.37324468,87.79212198,High
2503,0.006375982,759.849939,4.84478949,23.97844879,Low
2505,0.089263745,759.8499989,67.82705647,95.19212758,High
2507,0.060729946,800.7127472,48.62724194,91.27804334,High
2508,0.004671534,800.7127788,3.740557172,20.36022908,Low
2512,0.168142887,1182.993662,198.9119693,99.40709101,High
2514,0.091421587,770.2599321,70.41838535,95.52501206,High
2517,0.107646663,803.4536421,86.48910361,97.04120717,High
2518,0.029344147,1049.953169,30.80998033,79.10364551,High
2523,0.008446015,646.3861188,5.459386648,25.80673232,Low
2525,0.022522705,646.3861698,14.55836517,46.99364171,Medium
2526,0.166104949,646.3861953,107.367946,98.1380888,High
2528,0.029538477,725.428262,21.42804618,62.47594073,Medium
2530,0.130461604,725.4283192,94.64054235,97.55904385,High
2531,0.014769238,725.4283478,10.71402395,38.48230049,Medium
2533,0.008808515,748.8502921,6.596258929,28.92938631,Low
2535,0.053731939,748.8503511,40.23718161,87.71513231,High
2537,0.016953031,862.0543099,14.61443353,47.11753314,Medium
2539,0.003518016,858.6234544,3.020651178,17.5251802,Low
2540,0.025429546,862.0544119,21.92165204,63.53137772,Medium
2541,0.073878337,858.6235221,63.4336781,94.54302499,High
2544,0.006680339,720.2988543,4.811840614,23.87889318,Low
2546,0.00222678,720.2989111,1.603946957,10.6642498,Low
2548,0.039747373,720.298968,28.6299921,75.96270278,High
2550,0.025911967,778.2036853,20.16478835,59.74354474,Medium
2555,0.064779914,778.2038387,50.41197758,91.79588002,High
2556,0.001061966,778.2038694,0.826425853,6.670373577,Low
2559,0.042350428,793.9967146,33.62610086,82.43661995,High
2560,0.009411206,793.9967459,7.472467056,31.1109079,Medium
2561,0.282336181,793.9967772,224.1740176,99.52331297,High
2563,0.059502918,774.0941526,46.06086072,90.41449058,High
2566,0.060236895,738.548429,44.48786402,89.78751145,High
2568,0.003834604,738.5484873,2.832040995,16.69731996,Low
2571,0.49280709,940.404007,463.437762,99.898822,High
2574,0.279297841,860.6529945,240.3785234,99.58275136,High
2576,0.069510677,801.8406838,55.73648896,93.11989593,High
2579,0.022232989,794.2812961,17.65924719,54.04350654,Medium
2581,0.06931461,794.2813588,55.05530299,92.97225864,High
2583,0.018046271,788.7116912,14.23330484,46.25958499,Medium
2585,0.045115676,788.7117534,35.58326399,84.34454797,High
2587,0.013140634,902.8991061,11.86466689,40.98313749,Medium
2588,0.101839914,902.8991417,91.95117081,97.40137726,High
